{"accuracy": 0.8666666666666667, "r2_score": 0.4642857142857143, "rmse": 0.3651483716701107, "mae": 0.13333333333333333}